A.E. SANDOR;4394;3ª DIVISIÓ JUVENIL FEMENINA;G;Grup: G
A.E. SANDOR;4395;3ª DIVISIÓ CADET FEMENINA;G;Grup: G
A.E. SANDOR 'C';4376;4ª DIVISIÓ SÈNIOR FEMENINA;E;Grup: E
ACADEMIA VOLEIBOL BARCELONA SENIOR A;4373;2ª DIVISIÓ SÈNIOR MASCULINA;B;Grup: B
AE MOLINS VERMELL;4361;2ª DIVISIÓ JUVENIL FEMENINA;A;Grup: A
AE SÀNDOR;4343;1ª DIVISIÓ SÈNIOR MASCULINA;A;Grup: A
AE SÀNDOR;4360;3ª DIVISIÓ SÈNIOR FEMENINA;D;Grup: D
AE SANDOR 'B';4357;3ª DIVISIÓ SÈNIOR FEMENINA;A;Grup: A
AE SANDOR 'NEGRE';4430;1ª DIVISIÓ JUVENIL MASCULINA;E;Grup: E
AE SÀNDOR NEGRE;4418;LLIGA PREFERENT JUVENIL FEMENÍ;A;Grup: A
AE SANDOR 'VERMELL';4422;1ª DIVISIÓ JUVENIL MASCULINA;B;Grup: B
AEC VALLBONA GRANOLLERS;4355;2ª DIVISIÓ SÈNIOR FEMENINA;B;Grup: B
AEC VALLBONA GRANOLLERS;4347;1ª DIVISIÓ JUVENIL FEMENINA;A;Grup: A
AEC VALLBONA GRANOLLERS;4349;1ª DIVISIÓ CADET FEMENINA;A;Grup: A
AEC VALLBONA GRANOLLERS;4348;1ª DIVISIÓ INFANTIL FEMENINA;A;Grup: A
AEC VALLBONA GRANOLLERS B;4404;2ª DIVISIÓ INFANTIL FEMENINA;C;Grup: C
AEC VALLBONA GRANOLLERS C;4409;2ª DIVISIÓ INFANTIL FEMENINA;H;Grup: H
AEC VALLBONA GRANOLLERS 'C';4396;3ª DIVISIÓ JUVENIL FEMENINA;H;Grup: H
AEC VALLBONA GRANOLLERS 'C';4397;3ª DIVISIÓ CADET FEMENINA;H;Grup: H
AEC VALLBONA GRANOLLERS D;4414;LLIGA PREFERENT CADET FEMENINA;A;Grup: A
AEC VALLBONA GRANOLLERS D;4404;2ª DIVISIÓ INFANTIL FEMENINA;C;Grup: C
AEC VALLBONA GRANOLLERS E;4363;2ª DIVISIÓ JUVENIL FEMENINA;B;Grup: B
AEC VALLBONA GRANOLLERS E;4367;2ª DIVISIÓ CADET FEMENINA;B;Grup: B
AEE DOLORS MALLAFRÉ;4377;4ª DIVISIÓ SÈNIOR FEMENINA;B;Grup: B
AEE DOLORS MALLAFRÉ;4384;3ª DIVISIÓ JUVENIL FEMENINA;B;Grup: B
AEE DOLORS MALLAFRÉ;4386;3ª DIVISIÓ CADET FEMENINA;B;Grup: B
AEE DOLORS MALLAFRÉ 'B';4388;3ª DIVISIÓ JUVENIL FEMENINA;D;Grup: D
AEE DOLORS MALLAFRÈ 'B';4389;3ª DIVISIÓ CADET FEMENINA;D;Grup: D
AEE ELISABETH SALOU;4358;3ª DIVISIÓ SÈNIOR FEMENINA;B;Grup: B
AEE ELISABETH SALOU;4390;3ª DIVISIÓ JUVENIL FEMENINA;E;Grup: E
AEE ESCOLA ELISABETH;4391;3ª DIVISIÓ CADET FEMENINA;E;Grup: E
AEE ESCOLA PIA GRANOLLERS;4355;2ª DIVISIÓ SÈNIOR FEMENINA;B;Grup: B
AEE ESCOLA PIA GRANOLLERS;4363;2ª DIVISIÓ JUVENIL FEMENINA;B;Grup: B
AEE ESCOLA PIA GRANOLLERS;4367;2ª DIVISIÓ CADET FEMENINA;B;Grup: B
AEE INSTITUT JAUME BALMES;4372;2ª DIVISIÓ SÈNIOR MASCULINA;A;Grup: A
AEE INSTITUT JAUME BALMES;4376;4ª DIVISIÓ SÈNIOR FEMENINA;E;Grup: E
AEE INSTITUT JAUME BALMES;4421;1ª DIVISIÓ JUVENIL MASCULINA;A;Grup: A
AEE INSTITUT JAUME BALMES;4361;2ª DIVISIÓ JUVENIL FEMENINA;A;Grup: A
AEE INSTITUT JAUME BALMES;4362;2ª DIVISIÓ CADET FEMENINA;A;Grup: A
AEE INSTITUT MONTSERRAT;4430;1ª DIVISIÓ JUVENIL MASCULINA;E;Grup: E
AEE INSTITUT MONTSERRAT - EL COLL;4419;LLIGA PREFERENT JUVENIL FEMENÍ;B;Grup: B
AEE INSTITUT MONTSERRAT - SANT GERVASI;4400;3ª DIVISIÓ JUVENIL FEMENINA;J;Grup: J
AEE INSTITUT MONTSERRAT 'A';4355;2ª DIVISIÓ SÈNIOR FEMENINA;B;Grup: B
AEE INSTITUT MONTSERRAT 'A';4368;2ª DIVISIÓ JUVENIL FEMENINA;C;Grup: C
AEE INSTITUT MONTSERRAT 'A';4369;2ª DIVISIÓ CADET FEMENINA;C;Grup: C
AEE INSTITUT MONTSERRAT 'B';4373;2ª DIVISIÓ SÈNIOR MASCULINA;B;Grup: B
AEE INSTITUT MONTSERRAT 'B';4360;3ª DIVISIÓ SÈNIOR FEMENINA;D;Grup: D
AEE INSTITUT MONTSERRAT 'C';4378;4ª DIVISIÓ SÈNIOR FEMENINA;C;Grup: C
AEE INSTITUT MONTSERRAT GRACIA;4398;3ª DIVISIÓ JUVENIL FEMENINA;I;Grup: I
AEE INSTITUT MONTSERRAT GRACIA;4399;3ª DIVISIÓ CADET FEMENINA;I;Grup: I
AEE INSTITUT MONTSERRAT GRACIA;4404;2ª DIVISIÓ INFANTIL FEMENINA;C;Grup: C
AEE INSTITUT MONTSERRAT SANT GERVASI;4412;2ª DIVISIÓ INFANTIL FEMENINA;K;Grup: K
ALPICAT VOLEI ASSOCIACIÓ;4358;3ª DIVISIÓ SÈNIOR FEMENINA;B;Grup: B
ANTON MASSAGUE SPSP;4346;1ª DIVISIÓ SÈNIOR FEMENINA;B;Grup: B
ASISA SPSP;4350;1ª DIVISIÓ JUVENIL FEMENINA;B;Grup: B
AV L'AMETLLA;4344;1ª DIVISIÓ SÈNIOR MASCULINA;B;Grup: B
AV L'AMETLLA GROC;4356;2ª DIVISIÓ SÈNIOR FEMENINA;C;Grup: C
AV L'AMETLLA GROC;4363;2ª DIVISIÓ JUVENIL FEMENINA;B;Grup: B
AV L'AMETLLA GROC;4367;2ª DIVISIÓ CADET FEMENINA;B;Grup: B
AV L'AMETLLA GROC;4406;2ª DIVISIÓ INFANTIL FEMENINA;E;Grup: E
AV L'AMETLLA VERD;4354;2ª DIVISIÓ SÈNIOR FEMENINA;A;Grup: A
AV L'AMETLLA VERD;4396;3ª DIVISIÓ JUVENIL FEMENINA;H;Grup: H
AV L'AMETLLA VERD;4397;3ª DIVISIÓ CADET FEMENINA;H;Grup: H
AV L'AMETLLA VERD;4407;2ª DIVISIÓ INFANTIL FEMENINA;F;Grup: F
BALÀFIA VÒLEI - CLAVER;4390;3ª DIVISIÓ JUVENIL FEMENINA;E;Grup: E
BALÀFIA VÒLEI - CLAVER;4391;3ª DIVISIÓ CADET FEMENINA;E;Grup: E
BARÇA CVB;4354;2ª DIVISIÓ SÈNIOR FEMENINA;A;Grup: A
BARÇA CVB;4350;1ª DIVISIÓ JUVENIL FEMENINA;B;Grup: B
BARÇA CVB;4351;1ª DIVISIÓ CADET FEMENINA;B;Grup: B
BARÇA CVB;4348;1ª DIVISIÓ INFANTIL FEMENINA;A;Grup: A
BARÇA CVB BLAU;4361;2ª DIVISIÓ JUVENIL FEMENINA;A;Grup: A
BARÇA CVB BLAU;4362;2ª DIVISIÓ CADET FEMENINA;A;Grup: A
BARÇA CVB BLAU;4412;2ª DIVISIÓ INFANTIL FEMENINA;K;Grup: K
BARÇA CVB GRANA;4368;2ª DIVISIÓ JUVENIL FEMENINA;C;Grup: C
BARÇA CVB GRANA;4411;2ª DIVISIÓ INFANTIL FEMENINA;J;Grup: J
BARÇA CVB PRO;4416;LLIGA PREFERENT CADET FEMENINA;C;Grup: C
BARÇA CVB U13 BLAU;4402;2ª DIVISIÓ INFANTIL FEMENINA;A;Grup: A
BARÇA CVB U13 GRANA;4403;2ª DIVISIÓ INFANTIL FEMENINA;B;Grup: B
BARÇA CVB U13 PRO;4404;2ª DIVISIÓ INFANTIL FEMENINA;C;Grup: C
BARÇA CVB U15 GRANA;4369;2ª DIVISIÓ CADET FEMENINA;C;Grup: C
BARÇA VOLEIBOL;4421;1ª DIVISIÓ JUVENIL MASCULINA;A;Grup: A
BARÇA VOLEIBOL;4425;1ª DIVISIÓ CADET MASCULINA;A;Grup: A
BARÇA VOLEIBOL;4428;1ª DIVISIÓ INFANTIL MASCULINA;A;Grup: A
BIOAIRE BALÀFIA VÒLEI LLEIDA;4428;1ª DIVISIÓ INFANTIL MASCULINA;A;Grup: A
C.V. AA LLARS MUNDET 'B';4375;2ª DIVISIÓ SÈNIOR MASCULINA;D;Grup: D
C.V. AA LLARS MUNDET 'B';4359;3ª DIVISIÓ SÈNIOR FEMENINA;C;Grup: C
C.V. MURS MONTJUÏC;4400;3ª DIVISIÓ JUVENIL FEMENINA;J;Grup: J
C.V. MURS MONTJUÏC;4401;3ª DIVISIÓ CADET FEMENINA;J;Grup: J
CE ESCOLA SANT GERVASI;4375;2ª DIVISIÓ SÈNIOR MASCULINA;D;Grup: D
CE ESCOLA SANT GERVASI;4396;3ª DIVISIÓ JUVENIL FEMENINA;H;Grup: H
CE ESCOLA SANT GERVASI;4397;3ª DIVISIÓ CADET FEMENINA;H;Grup: H
CE ESCOLA SANT GERVASI;4414;LLIGA PREFERENT CADET FEMENINA;A;Grup: A
CE HORTONS;4412;2ª DIVISIÓ INFANTIL FEMENINA;K;Grup: K
CECELL LLEIDA;4350;1ª DIVISIÓ JUVENIL FEMENINA;B;Grup: B
CECELL LLEIDA;4351;1ª DIVISIÓ CADET FEMENINA;B;Grup: B
CECELL LLEIDA;4352;1ª DIVISIÓ INFANTIL FEMENINA;B;Grup: B
CECELL LLEIDA B;4361;2ª DIVISIÓ JUVENIL FEMENINA;A;Grup: A
CECELL LLEIDA B;4362;2ª DIVISIÓ CADET FEMENINA;A;Grup: A
CECELL LLEIDA 'B';4405;2ª DIVISIÓ INFANTIL FEMENINA;D;Grup: D
CECELL LLEIDA 'C';4390;3ª DIVISIÓ JUVENIL FEMENINA;E;Grup: E
CECELL LLEIDA 'C';4391;3ª DIVISIÓ CADET FEMENINA;E;Grup: E
CEV L'HOSPITALET;4343;1ª DIVISIÓ SÈNIOR MASCULINA;A;Grup: A
CEV L'HOSPITALET;4350;1ª DIVISIÓ JUVENIL FEMENINA;B;Grup: B
CEV L'HOSPITALET;4351;1ª DIVISIÓ CADET FEMENINA;B;Grup: B
CEV L'HOSPITALET;4422;1ª DIVISIÓ JUVENIL MASCULINA;B;Grup: B
CEV L'HOSPITALET;4426;1ª DIVISIÓ CADET MASCULINA;B;Grup: B
CEV L'HOSPITALET 'A';4352;1ª DIVISIÓ INFANTIL FEMENINA;B;Grup: B
CEV L'HOSPITALET 'B';4356;2ª DIVISIÓ SÈNIOR FEMENINA;C;Grup: C
CEV L'HOSPITALET 'B';4400;3ª DIVISIÓ JUVENIL FEMENINA;J;Grup: J
CEV L'HOSPITALET 'B';4401;3ª DIVISIÓ CADET FEMENINA;J;Grup: J
CEV L'HOSPITALET NEGRE;4408;2ª DIVISIÓ INFANTIL FEMENINA;G;Grup: G
CEV L'HOSPITALET VERMELL;4410;2ª DIVISIÓ INFANTIL FEMENINA;I;Grup: I
CEVOL TORREDEMBARRA;4358;3ª DIVISIÓ SÈNIOR FEMENINA;B;Grup: B
CEVOL TORREDEMBARRA;4390;3ª DIVISIÓ JUVENIL FEMENINA;E;Grup: E
CEVOL TORREDEMBARRA;4391;3ª DIVISIÓ CADET FEMENINA;E;Grup: E
CEVOL TORREDEMBARRA;4415;LLIGA PREFERENT CADET FEMENINA;B;Grup: B
CEVOL TORREDEMBARRA;4405;2ª DIVISIÓ INFANTIL FEMENINA;D;Grup: D
CH BORDILS 'B';4359;3ª DIVISIÓ SÈNIOR FEMENINA;C;Grup: C
CH BORDILS BLANC;4347;1ª DIVISIÓ JUVENIL FEMENINA;A;Grup: A
CH BORDILS BLANC;4349;1ª DIVISIÓ CADET FEMENINA;A;Grup: A
CH BORDILS BLANC;4348;1ª DIVISIÓ INFANTIL FEMENINA;A;Grup: A
CLUB JOVENTUT LES CORTS;4357;3ª DIVISIÓ SÈNIOR FEMENINA;A;Grup: A
CLUB JOVENTUT LES CORTS;4403;2ª DIVISIÓ INFANTIL FEMENINA;B;Grup: B
CLUB JOVENTUT LES CORTS GROC;4411;2ª DIVISIÓ INFANTIL FEMENINA;J;Grup: J
CLUB JOVENTUT LES CORTS VERD;4413;2ª DIVISIÓ INFANTIL FEMENINA;L;Grup: L
CLUB VÒLEI BLANES;4374;2ª DIVISIÓ SÈNIOR MASCULINA;C;Grup: C
CLUB VÒLEI BLANES;4378;4ª DIVISIÓ SÈNIOR FEMENINA;C;Grup: C
CLUB VÒLEI BLANES;4385;3ª DIVISIÓ JUVENIL FEMENINA;C;Grup: C
CLUB VÒLEI BLANES;4387;3ª DIVISIÓ CADET FEMENINA;C;Grup: C
CLUB VÒLEI LA PALMA;4358;3ª DIVISIÓ SÈNIOR FEMENINA;B;Grup: B
CLUB VÒLEI LA PALMA;4370;2ª DIVISIÓ JUVENIL FEMENINA;D;Grup: D
CLUB VÒLEI LA PALMA;4371;2ª DIVISIÓ CADET FEMENINA;D;Grup: D
CLUB VÒLEI LA PALMA;4414;LLIGA PREFERENT CADET FEMENINA;A;Grup: A
CLUB VÒLEI LA PALMA BLAU;4410;2ª DIVISIÓ INFANTIL FEMENINA;I;Grup: I
CLUB VÒLEI LA PALMA NEGRE;4411;2ª DIVISIÓ INFANTIL FEMENINA;J;Grup: J
CLUB VÒLEI OLOT - HOTEL L'ALTA GARROTXA;4345;1ª DIVISIÓ SÈNIOR FEMENINA;A;Grup: A
CLUB VOLEI OLOT 'A';4352;1ª DIVISIÓ INFANTIL FEMENINA;B;Grup: B
CLUB VOLEI OLOT 'B';4407;2ª DIVISIÓ INFANTIL FEMENINA;F;Grup: F
CLUB VOLEI TARADELL;4396;3ª DIVISIÓ JUVENIL FEMENINA;H;Grup: H
CLUB VOLEI TARADELL;4397;3ª DIVISIÓ CADET FEMENINA;H;Grup: H
CLUB VOLEI TARADELL;4404;2ª DIVISIÓ INFANTIL FEMENINA;C;Grup: C
CLUB VOLEIBOL AVINYÓ;4372;2ª DIVISIÓ SÈNIOR MASCULINA;A;Grup: A
CLUB VOLEIBOL AVINYÓ;4380;4ª DIVISIÓ SÈNIOR FEMENINA;A;Grup: A
CLUB VOLEIBOL AVINYÓ 'B';4376;4ª DIVISIÓ SÈNIOR FEMENINA;E;Grup: E
CLUB VOLEIBOL CUNIT;4384;3ª DIVISIÓ JUVENIL FEMENINA;B;Grup: B
CLUB VOLEIBOL CUNIT;4386;3ª DIVISIÓ CADET FEMENINA;B;Grup: B
CLUB VOLEIBOL REUS;4344;1ª DIVISIÓ SÈNIOR MASCULINA;B;Grup: B
CLUB VOLEIBOL REUS;4373;2ª DIVISIÓ SÈNIOR MASCULINA;B;Grup: B
CLUB VOLEIBOL REUS;4377;4ª DIVISIÓ SÈNIOR FEMENINA;B;Grup: B
CLUB VOLEIBOL REUS;4423;1ª DIVISIÓ JUVENIL MASCULINA;C;Grup: C
CLUB VOLEIBOL REUS;4418;LLIGA PREFERENT JUVENIL FEMENÍ;A;Grup: A
CLUB VOLEIBOL REUS;4415;LLIGA PREFERENT CADET FEMENINA;B;Grup: B
CN SABADELL;4374;2ª DIVISIÓ SÈNIOR MASCULINA;C;Grup: C
CN SABADELL;4355;2ª DIVISIÓ SÈNIOR FEMENINA;B;Grup: B
CN SABADELL;4350;1ª DIVISIÓ JUVENIL FEMENINA;B;Grup: B
CN SABADELL;4351;1ª DIVISIÓ CADET FEMENINA;B;Grup: B
CN SABADELL;4422;1ª DIVISIÓ JUVENIL MASCULINA;B;Grup: B
CN SABADELL;4352;1ª DIVISIÓ INFANTIL FEMENINA;B;Grup: B
CN SABADELL BLAU;4403;2ª DIVISIÓ INFANTIL FEMENINA;B;Grup: B
CTI BALÀFIA VÒLEI;4423;1ª DIVISIÓ JUVENIL MASCULINA;C;Grup: C
CV AA LLARS MUNDET 'A';4346;1ª DIVISIÓ SÈNIOR FEMENINA;B;Grup: B
CV AA LLARS MUNDET JUNIOR;4380;4ª DIVISIÓ SÈNIOR FEMENINA;A;Grup: A
CV ALELLA;4343;1ª DIVISIÓ SÈNIOR MASCULINA;A;Grup: A
CV ALELLA;4379;4ª DIVISIÓ SÈNIOR FEMENINA;D;Grup: D
CV ALELLA;4392;3ª DIVISIÓ JUVENIL FEMENINA;F;Grup: F
CV ALELLA;4393;3ª DIVISIÓ CADET FEMENINA;F;Grup: F
CV ANDORRA;4424;1ª DIVISIÓ JUVENIL MASCULINA;D;Grup: D
CV ANDORRA;4420;LLIGA PREFERENT JUVENIL FEMENÍ;C;Grup: C
CV ANDORRA;4416;LLIGA PREFERENT CADET FEMENINA;C;Grup: C
CV ARENYS;4343;1ª DIVISIÓ SÈNIOR MASCULINA;A;Grup: A
CV ARENYS;4355;2ª DIVISIÓ SÈNIOR FEMENINA;B;Grup: B
CV ARENYS;4368;2ª DIVISIÓ JUVENIL FEMENINA;C;Grup: C
CV ARENYS;4369;2ª DIVISIÓ CADET FEMENINA;C;Grup: C
CV ARENYS;4426;1ª DIVISIÓ CADET MASCULINA;B;Grup: B
CV ARENYS;4429;1ª DIVISIÓ INFANTIL MASCULINA;B;Grup: B
CV ARENYS 'B';4392;3ª DIVISIÓ JUVENIL FEMENINA;F;Grup: F
CV ARENYS BLANC;4417;LLIGA PREFERENT CADET FEMENINA;D;Grup: D
CV ARENYS VERD;4409;2ª DIVISIÓ INFANTIL FEMENINA;H;Grup: H
CV AVAP GIRONA;4354;2ª DIVISIÓ SÈNIOR FEMENINA;A;Grup: A
CV AVAP GIRONA 'A';4363;2ª DIVISIÓ JUVENIL FEMENINA;B;Grup: B
CV AVAP GIRONA 'A';4367;2ª DIVISIÓ CADET FEMENINA;B;Grup: B
CV AVAP GIRONA 'A';4407;2ª DIVISIÓ INFANTIL FEMENINA;F;Grup: F
CV AVAP GIRONA 'B';4385;3ª DIVISIÓ JUVENIL FEMENINA;C;Grup: C
CV AVAP GIRONA 'B';4387;3ª DIVISIÓ CADET FEMENINA;C;Grup: C
CV AVAP GIRONA 'BLANC';4406;2ª DIVISIÓ INFANTIL FEMENINA;E;Grup: E
CV AVAP GIRONA BLAU;4406;2ª DIVISIÓ INFANTIL FEMENINA;E;Grup: E
CV AVAP GIRONA GROC;4407;2ª DIVISIÓ INFANTIL FEMENINA;F;Grup: F
CV BARBERÀ;4422;1ª DIVISIÓ JUVENIL MASCULINA;B;Grup: B
CV BARBERÀ;4370;2ª DIVISIÓ JUVENIL FEMENINA;D;Grup: D
CV BARBERÀ;4371;2ª DIVISIÓ CADET FEMENINA;D;Grup: D
CV BARBERÀ;4426;1ª DIVISIÓ CADET MASCULINA;B;Grup: B
CV BARBERÀ;4429;1ª DIVISIÓ INFANTIL MASCULINA;B;Grup: B
CV BARBERÀ;4352;1ª DIVISIÓ INFANTIL FEMENINA;B;Grup: B
CV BARBERÀ 'A';4346;1ª DIVISIÓ SÈNIOR FEMENINA;B;Grup: B
CV BARBERÀ B;4408;2ª DIVISIÓ INFANTIL FEMENINA;G;Grup: G
CV BARBERÀ 'B';4372;2ª DIVISIÓ SÈNIOR MASCULINA;A;Grup: A
CV BARBERÀ 'B';4360;3ª DIVISIÓ SÈNIOR FEMENINA;D;Grup: D
CV BARBERÀ 'B';4382;3ª DIVISIÓ JUVENIL FEMENINA;A;Grup: A
CV BARBERÀ 'B';4383;3ª DIVISIÓ CADET FEMENINA;A;Grup: A
CV BARBERÀ 'C';4373;2ª DIVISIÓ SÈNIOR MASCULINA;B;Grup: B
CV BARBERÀ 'C';4359;3ª DIVISIÓ SÈNIOR FEMENINA;C;Grup: C
CV BEGUES;4394;3ª DIVISIÓ JUVENIL FEMENINA;G;Grup: G
CV BEGUES;4395;3ª DIVISIÓ CADET FEMENINA;G;Grup: G
CV BEGUES;4413;2ª DIVISIÓ INFANTIL FEMENINA;L;Grup: L
CV CARDEDEU;4396;3ª DIVISIÓ JUVENIL FEMENINA;H;Grup: H
CV CARDEDEU;4397;3ª DIVISIÓ CADET FEMENINA;H;Grup: H
CV CERDANYOLA;4380;4ª DIVISIÓ SÈNIOR FEMENINA;A;Grup: A
CV CERDANYOLA;4403;2ª DIVISIÓ INFANTIL FEMENINA;B;Grup: B
CV CERDANYOLA BLANC;4398;3ª DIVISIÓ JUVENIL FEMENINA;I;Grup: I
CV CERDANYOLA BLANC;4399;3ª DIVISIÓ CADET FEMENINA;I;Grup: I
CV CERDANYOLA VERD;4382;3ª DIVISIÓ JUVENIL FEMENINA;A;Grup: A
CV CERDANYOLA VERD;4383;3ª DIVISIÓ CADET FEMENINA;A;Grup: A
CV COMETA BELLVEI;4343;1ª DIVISIÓ SÈNIOR MASCULINA;A;Grup: A
CV COMETA BELLVEI;4377;4ª DIVISIÓ SÈNIOR FEMENINA;B;Grup: B
CV CUBELLES;4344;1ª DIVISIÓ SÈNIOR MASCULINA;B;Grup: B
CV CUBELLES;4358;3ª DIVISIÓ SÈNIOR FEMENINA;B;Grup: B
CV CUBELLES;4377;4ª DIVISIÓ SÈNIOR FEMENINA;B;Grup: B
CV CUBELLES;4423;1ª DIVISIÓ JUVENIL MASCULINA;C;Grup: C
CV CUBELLES;4418;LLIGA PREFERENT JUVENIL FEMENÍ;A;Grup: A
CV CUBELLES;4410;2ª DIVISIÓ INFANTIL FEMENINA;I;Grup: I
CV CUNIT;4375;2ª DIVISIÓ SÈNIOR MASCULINA;D;Grup: D
CV CUNIT;4377;4ª DIVISIÓ SÈNIOR FEMENINA;B;Grup: B
CV ENCAMP;4424;1ª DIVISIÓ JUVENIL MASCULINA;D;Grup: D
CV ENCAMP;4420;LLIGA PREFERENT JUVENIL FEMENÍ;C;Grup: C
CV ESPLUGUES;4347;1ª DIVISIÓ JUVENIL FEMENINA;A;Grup: A
CV ESPLUGUES;4349;1ª DIVISIÓ CADET FEMENINA;A;Grup: A
CV ESPLUGUES;4352;1ª DIVISIÓ INFANTIL FEMENINA;B;Grup: B
CV ESPLUGUES 'B';4346;1ª DIVISIÓ SÈNIOR FEMENINA;B;Grup: B
CV ESPLUGUES 'B';4363;2ª DIVISIÓ JUVENIL FEMENINA;B;Grup: B
CV ESPLUGUES 'B';4367;2ª DIVISIÓ CADET FEMENINA;B;Grup: B
CV ESPLUGUES 'B';4413;2ª DIVISIÓ INFANTIL FEMENINA;L;Grup: L
CV ESPLUGUES 'C';4394;3ª DIVISIÓ JUVENIL FEMENINA;G;Grup: G
CV ESPLUGUES 'C';4395;3ª DIVISIÓ CADET FEMENINA;G;Grup: G
CV ESPLUGUES 'C';4402;2ª DIVISIÓ INFANTIL FEMENINA;A;Grup: A
CV FIGUERES;4385;3ª DIVISIÓ JUVENIL FEMENINA;C;Grup: C
CV FIGUERES;4387;3ª DIVISIÓ CADET FEMENINA;C;Grup: C
CV GAVÀ;4375;2ª DIVISIÓ SÈNIOR MASCULINA;D;Grup: D
CV GAVÀ GROC;4384;3ª DIVISIÓ JUVENIL FEMENINA;B;Grup: B
CV GAVÀ GROC;4386;3ª DIVISIÓ CADET FEMENINA;B;Grup: B
CV GAVÀ NEGRE;4415;LLIGA PREFERENT CADET FEMENINA;B;Grup: B
CV GAVÀ NEGRE;4410;2ª DIVISIÓ INFANTIL FEMENINA;I;Grup: I
CV GAVÀ VERMELL;4370;2ª DIVISIÓ JUVENIL FEMENINA;D;Grup: D
CV GAVÀ VERMELL;4371;2ª DIVISIÓ CADET FEMENINA;D;Grup: D
CV GAVÀ VERMELL;4348;1ª DIVISIÓ INFANTIL FEMENINA;A;Grup: A
CV GIRONELLA;4420;LLIGA PREFERENT JUVENIL FEMENÍ;C;Grup: C
CV JOVES CALDES;4374;2ª DIVISIÓ SÈNIOR MASCULINA;C;Grup: C
CV JOVES CALDES;4354;2ª DIVISIÓ SÈNIOR FEMENINA;A;Grup: A
CV JOVES CALDES;4385;3ª DIVISIÓ JUVENIL FEMENINA;C;Grup: C
CV JOVES CALDES;4387;3ª DIVISIÓ CADET FEMENINA;C;Grup: C
CV JOVES CALDES;4417;LLIGA PREFERENT CADET FEMENINA;D;Grup: D
CV LLINARS LES FRANQUESES;4378;4ª DIVISIÓ SÈNIOR FEMENINA;C;Grup: C
CV LLORET;4354;2ª DIVISIÓ SÈNIOR FEMENINA;A;Grup: A
CV LLORET;4350;1ª DIVISIÓ JUVENIL FEMENINA;B;Grup: B
CV LLORET;4351;1ª DIVISIÓ CADET FEMENINA;B;Grup: B
CV LLORET BLAU;4407;2ª DIVISIÓ INFANTIL FEMENINA;F;Grup: F
CV LLORET VERD;4406;2ª DIVISIÓ INFANTIL FEMENINA;E;Grup: E
CV MARTORELL;4373;2ª DIVISIÓ SÈNIOR MASCULINA;B;Grup: B
CV MARTORELL;4358;3ª DIVISIÓ SÈNIOR FEMENINA;B;Grup: B
CV MARTORELL;4424;1ª DIVISIÓ JUVENIL MASCULINA;D;Grup: D
CV MARTORELL A;4388;3ª DIVISIÓ JUVENIL FEMENINA;D;Grup: D
CV MARTORELL A;4389;3ª DIVISIÓ CADET FEMENINA;D;Grup: D
CV MARTORELL A;4402;2ª DIVISIÓ INFANTIL FEMENINA;A;Grup: A
CV MARTORELL B;4384;3ª DIVISIÓ JUVENIL FEMENINA;B;Grup: B
CV MARTORELL B;4386;3ª DIVISIÓ CADET FEMENINA;B;Grup: B
CV MARTORELL B;4412;2ª DIVISIÓ INFANTIL FEMENINA;K;Grup: K
CV MATARÓ;4343;1ª DIVISIÓ SÈNIOR MASCULINA;A;Grup: A
CV MATARÓ;4356;2ª DIVISIÓ SÈNIOR FEMENINA;C;Grup: C
CV MATARÓ;4363;2ª DIVISIÓ JUVENIL FEMENINA;B;Grup: B
CV MATARÓ;4367;2ª DIVISIÓ CADET FEMENINA;B;Grup: B
CV MATARÓ;4425;1ª DIVISIÓ CADET MASCULINA;A;Grup: A
CV MATARÓ;4409;2ª DIVISIÓ INFANTIL FEMENINA;H;Grup: H
CV MATARÓ 'B';4378;4ª DIVISIÓ SÈNIOR FEMENINA;C;Grup: C
CV MATARÓ 'B';4392;3ª DIVISIÓ JUVENIL FEMENINA;F;Grup: F
CV MATARÓ 'B';4393;3ª DIVISIÓ CADET FEMENINA;F;Grup: F
CV MONJOS;4350;1ª DIVISIÓ JUVENIL FEMENINA;B;Grup: B
CV MONJOS;4351;1ª DIVISIÓ CADET FEMENINA;B;Grup: B
CV MONJOS PANSALUD;4346;1ª DIVISIÓ SÈNIOR FEMENINA;B;Grup: B
CV MONJOS PANSALUD;4423;1ª DIVISIÓ JUVENIL MASCULINA;C;Grup: C
CV OLOT;4350;1ª DIVISIÓ JUVENIL FEMENINA;B;Grup: B
CV OLOT;4351;1ª DIVISIÓ CADET FEMENINA;B;Grup: B
CV OLOT 'B';4374;2ª DIVISIÓ SÈNIOR MASCULINA;C;Grup: C
CV PARC FARNERS;4378;4ª DIVISIÓ SÈNIOR FEMENINA;C;Grup: C
CV PREMIÀ DE DALT MARESME;4379;4ª DIVISIÓ SÈNIOR FEMENINA;D;Grup: D
CV PREMIÀ DE DALT MARESME;4347;1ª DIVISIÓ JUVENIL FEMENINA;A;Grup: A
CV PREMIÀ DE DALT MARESME;4349;1ª DIVISIÓ CADET FEMENINA;A;Grup: A
CV PREMIÀ DE DALT MARESME;4352;1ª DIVISIÓ INFANTIL FEMENINA;B;Grup: B
CV PREMIÀ DE DALT MARESME - CV TIANA;4371;2ª DIVISIÓ CADET FEMENINA;D;Grup: D
CV PREMIÀ DE DALT MARESME BLANC;4409;2ª DIVISIÓ INFANTIL FEMENINA;H;Grup: H
CV PREMIÀ DE DALT MARESME BLAU;4368;2ª DIVISIÓ JUVENIL FEMENINA;C;Grup: C
CV PREMIÀ DE DALT MARESME BLAU;4369;2ª DIVISIÓ CADET FEMENINA;C;Grup: C
CV PREMIÀ DE DALT MARESME BLAU;4402;2ª DIVISIÓ INFANTIL FEMENINA;A;Grup: A
CV PREMIÀ DE MAR ASSIS;4368;2ª DIVISIÓ JUVENIL FEMENINA;C;Grup: C
CV PREMIÀ DE MAR ASSIS;4369;2ª DIVISIÓ CADET FEMENINA;C;Grup: C
CV PREMIÀ DE MAR ASSIS;4352;1ª DIVISIÓ INFANTIL FEMENINA;B;Grup: B
CV PREMIÀ DE MAR EL PILAR;4417;LLIGA PREFERENT CADET FEMENINA;D;Grup: D
CV ROQUETES;4377;4ª DIVISIÓ SÈNIOR FEMENINA;B;Grup: B
CV ROQUETES;4390;3ª DIVISIÓ JUVENIL FEMENINA;E;Grup: E
CV ROQUETES;4391;3ª DIVISIÓ CADET FEMENINA;E;Grup: E
CV ROQUETES;4429;1ª DIVISIÓ INFANTIL MASCULINA;B;Grup: B
CV ROQUETES;4405;2ª DIVISIÓ INFANTIL FEMENINA;D;Grup: D
CV ROQUETES 'B';4373;2ª DIVISIÓ SÈNIOR MASCULINA;B;Grup: B
CV SALOU;4356;2ª DIVISIÓ SÈNIOR FEMENINA;C;Grup: C
CV SALOU;4361;2ª DIVISIÓ JUVENIL FEMENINA;A;Grup: A
CV SALOU;4362;2ª DIVISIÓ CADET FEMENINA;A;Grup: A
CV SALOU;4390;3ª DIVISIÓ JUVENIL FEMENINA;E;Grup: E
CV SALOU;4391;3ª DIVISIÓ CADET FEMENINA;E;Grup: E
CV SALOU;4405;2ª DIVISIÓ INFANTIL FEMENINA;D;Grup: D
CV SANT ADRIÀ A;4394;3ª DIVISIÓ JUVENIL FEMENINA;G;Grup: G
CV SANT ADRIÀ A;4395;3ª DIVISIÓ CADET FEMENINA;G;Grup: G
CV SANT ADRIÀ A;4404;2ª DIVISIÓ INFANTIL FEMENINA;C;Grup: C
CV SANT ADRIÀ 'A';4379;4ª DIVISIÓ SÈNIOR FEMENINA;D;Grup: D
CV SANT ADRIÀ 'B';4376;4ª DIVISIÓ SÈNIOR FEMENINA;E;Grup: E
CV SANT ADRIÀ LILA;4392;3ª DIVISIÓ JUVENIL FEMENINA;F;Grup: F
CV SANT ADRIÀ LILA;4393;3ª DIVISIÓ CADET FEMENINA;F;Grup: F
CV SANT BOI;4347;1ª DIVISIÓ JUVENIL FEMENINA;A;Grup: A
CV SANT BOI;4349;1ª DIVISIÓ CADET FEMENINA;A;Grup: A
CV SANT BOI 'B';4356;2ª DIVISIÓ SÈNIOR FEMENINA;C;Grup: C
CV SANT BOI BLAU;4394;3ª DIVISIÓ JUVENIL FEMENINA;G;Grup: G
CV SANT BOI BLAU;4395;3ª DIVISIÓ CADET FEMENINA;G;Grup: G
CV SANT BOI VERMELL;4384;3ª DIVISIÓ JUVENIL FEMENINA;B;Grup: B
CV SANT BOI VERMELL;4386;3ª DIVISIÓ CADET FEMENINA;B;Grup: B
CV SANT MARTI;4381;4ª DIVISIÓ SÈNIOR FEMENINA;F;Grup: F
CV SANT MARTI;4361;2ª DIVISIÓ JUVENIL FEMENINA;A;Grup: A
CV SANT MARTI;4362;2ª DIVISIÓ CADET FEMENINA;A;Grup: A
CV SANT MARTI-ANDORRA;4425;1ª DIVISIÓ CADET MASCULINA;A;Grup: A
CV SANT MARTI-ANDORRA;4428;1ª DIVISIÓ INFANTIL MASCULINA;A;Grup: A
CV SANT MARTI-ANDORRA 'B';4430;1ª DIVISIÓ JUVENIL MASCULINA;E;Grup: E
CV SANT PERE PESCADOR;4374;2ª DIVISIÓ SÈNIOR MASCULINA;C;Grup: C
CV SANT PERE PESCADOR;4354;2ª DIVISIÓ SÈNIOR FEMENINA;A;Grup: A
CV SANT PERE PESCADOR;4385;3ª DIVISIÓ JUVENIL FEMENINA;C;Grup: C
CV SANT PERE PESCADOR;4387;3ª DIVISIÓ CADET FEMENINA;C;Grup: C
CV SANT QUIRZE;4355;2ª DIVISIÓ SÈNIOR FEMENINA;B;Grup: B
CV SANT QUIRZE;4347;1ª DIVISIÓ JUVENIL FEMENINA;A;Grup: A
CV SANT QUIRZE;4349;1ª DIVISIÓ CADET FEMENINA;A;Grup: A
CV SANT QUIRZE;4348;1ª DIVISIÓ INFANTIL FEMENINA;A;Grup: A
CV SANT QUIRZE BLANC;4398;3ª DIVISIÓ JUVENIL FEMENINA;I;Grup: I
CV SANT QUIRZE BLANC;4399;3ª DIVISIÓ CADET FEMENINA;I;Grup: I
CV SANT QUIRZE BLANC;4408;2ª DIVISIÓ INFANTIL FEMENINA;G;Grup: G
CV SANT QUIRZE VERD;4380;4ª DIVISIÓ SÈNIOR FEMENINA;A;Grup: A
CV SANT QUIRZE VERD;4400;3ª DIVISIÓ JUVENIL FEMENINA;J;Grup: J
CV SANT QUIRZE VERD;4401;3ª DIVISIÓ CADET FEMENINA;J;Grup: J
CV SANT QUIRZE VERD;4402;2ª DIVISIÓ INFANTIL FEMENINA;A;Grup: A
CV SANT QUIRZE VERMELL;4403;2ª DIVISIÓ INFANTIL FEMENINA;B;Grup: B
CV TERRASSA;4372;2ª DIVISIÓ SÈNIOR MASCULINA;A;Grup: A
CV TERRASSA;4360;3ª DIVISIÓ SÈNIOR FEMENINA;D;Grup: D
CV TERRASSA;4422;1ª DIVISIÓ JUVENIL MASCULINA;B;Grup: B
CV TERRASSA;4400;3ª DIVISIÓ JUVENIL FEMENINA;J;Grup: J
CV TERRASSA;4401;3ª DIVISIÓ CADET FEMENINA;J;Grup: J
CV TERRASSA;4426;1ª DIVISIÓ CADET MASCULINA;B;Grup: B
CV TERRASSA 'B';4398;3ª DIVISIÓ JUVENIL FEMENINA;I;Grup: I
CV TERRASSA 'B';4399;3ª DIVISIÓ CADET FEMENINA;I;Grup: I
CV TIANA;4375;2ª DIVISIÓ SÈNIOR MASCULINA;D;Grup: D
CV TIANA;4379;4ª DIVISIÓ SÈNIOR FEMENINA;D;Grup: D
CV TIANA;4392;3ª DIVISIÓ JUVENIL FEMENINA;F;Grup: F
CV TIANA;4393;3ª DIVISIÓ CADET FEMENINA;F;Grup: F
CV TIANA;4409;2ª DIVISIÓ INFANTIL FEMENINA;H;Grup: H
CV TIANA-CV PREMIÀ DALT MARESME;4370;2ª DIVISIÓ JUVENIL FEMENINA;D;Grup: D
CV TORELLÓ;4357;3ª DIVISIÓ SÈNIOR FEMENINA;A;Grup: A
CV TORELLÓ;4396;3ª DIVISIÓ JUVENIL FEMENINA;H;Grup: H
CV TORELLÓ;4397;3ª DIVISIÓ CADET FEMENINA;H;Grup: H
CV TORELLÓ;4408;2ª DIVISIÓ INFANTIL FEMENINA;G;Grup: G
CV VALL D'HEBRON;4344;1ª DIVISIÓ SÈNIOR MASCULINA;B;Grup: B
CV VALL D'HEBRON;4345;1ª DIVISIÓ SÈNIOR FEMENINA;A;Grup: A
CV VALL D'HEBRON;4347;1ª DIVISIÓ JUVENIL FEMENINA;A;Grup: A
CV VALL D'HEBRON;4349;1ª DIVISIÓ CADET FEMENINA;A;Grup: A
CV VALL D'HEBRON;4428;1ª DIVISIÓ INFANTIL MASCULINA;A;Grup: A
CV VALL D'HEBRON;4352;1ª DIVISIÓ INFANTIL FEMENINA;B;Grup: B
CV VALL D'HEBRON 'B';4355;2ª DIVISIÓ SÈNIOR FEMENINA;B;Grup: B
CV VALL D'HEBRON BLANC;4413;2ª DIVISIÓ INFANTIL FEMENINA;L;Grup: L
CV VALL D'HEBRÓN BLANC;4394;3ª DIVISIÓ JUVENIL FEMENINA;G;Grup: G
CV VALL D'HEBRÓN BLANC;4395;3ª DIVISIÓ CADET FEMENINA;G;Grup: G
CV VALL D'HEBRON BLAU;4408;2ª DIVISIÓ INFANTIL FEMENINA;G;Grup: G
CV VALL D'HEBRON GROC;4368;2ª DIVISIÓ JUVENIL FEMENINA;C;Grup: C
CV VALL D'HEBRON GROC;4369;2ª DIVISIÓ CADET FEMENINA;C;Grup: C
CV VALL D'HEBRON GROC;4403;2ª DIVISIÓ INFANTIL FEMENINA;B;Grup: B
CV VALL D'HEBRON I+D;4430;1ª DIVISIÓ JUVENIL MASCULINA;E;Grup: E
CV VALL D'HEBRON I+D;4426;1ª DIVISIÓ CADET MASCULINA;B;Grup: B
CV VALL D'HEBRON PRO;4421;1ª DIVISIÓ JUVENIL MASCULINA;A;Grup: A
CV VALL D'HEBRON PRO;4425;1ª DIVISIÓ CADET MASCULINA;A;Grup: A
CV VALL D'HEBRON VERD;4400;3ª DIVISIÓ JUVENIL FEMENINA;J;Grup: J
CV VALL D'HEBRON VERD;4401;3ª DIVISIÓ CADET FEMENINA;J;Grup: J
CV VALL D'HEBRÓN VERMELL;4392;3ª DIVISIÓ JUVENIL FEMENINA;F;Grup: F
CV VALL D'HEBRÓN VERMELL;4393;3ª DIVISIÓ CADET FEMENINA;F;Grup: F
CV VALL D'HEBRÓN VERMELL;4411;2ª DIVISIÓ INFANTIL FEMENINA;J;Grup: J
CV VALLS D'ANDORRA;4360;3ª DIVISIÓ SÈNIOR FEMENINA;D;Grup: D
CV VALLS D'ANDORRA;4420;LLIGA PREFERENT JUVENIL FEMENÍ;C;Grup: C
CV VALLS D'ANDORRA;4416;LLIGA PREFERENT CADET FEMENINA;C;Grup: C
CV VILADECANS;4375;2ª DIVISIÓ SÈNIOR MASCULINA;D;Grup: D
CV VILADECANS;4379;4ª DIVISIÓ SÈNIOR FEMENINA;D;Grup: D
CV VILADECANS;4368;2ª DIVISIÓ JUVENIL FEMENINA;C;Grup: C
CV VILADECANS;4369;2ª DIVISIÓ CADET FEMENINA;C;Grup: C
CV VILADECANS 'B';4418;LLIGA PREFERENT JUVENIL FEMENÍ;A;Grup: A
CV VILAFRANCA BLANC;4377;4ª DIVISIÓ SÈNIOR FEMENINA;B;Grup: B
CV VILAFRANCA NEGRE;4358;3ª DIVISIÓ SÈNIOR FEMENINA;B;Grup: B
CV VILAFRANCA NEGRE;4388;3ª DIVISIÓ JUVENIL FEMENINA;D;Grup: D
CV VILAFRANCA NEGRE;4389;3ª DIVISIÓ CADET FEMENINA;D;Grup: D
CV VILAFRANCA VERD;4344;1ª DIVISIÓ SÈNIOR MASCULINA;B;Grup: B
CV VILAFRANCA VERD;4356;2ª DIVISIÓ SÈNIOR FEMENINA;C;Grup: C
CV VILAFRANCA VERD;4424;1ª DIVISIÓ JUVENIL MASCULINA;D;Grup: D
CV VILAFRANCA VERD;4415;LLIGA PREFERENT CADET FEMENINA;B;Grup: B
CV VILAFRANCA VERD;4402;2ª DIVISIÓ INFANTIL FEMENINA;A;Grup: A
CV. ARENYS;4393;3ª DIVISIÓ CADET FEMENINA;F;Grup: F
CV. CABRILS;4375;2ª DIVISIÓ SÈNIOR MASCULINA;D;Grup: D
CV. CABRILS;4392;3ª DIVISIÓ JUVENIL FEMENINA;F;Grup: F
CV. CABRILS;4393;3ª DIVISIÓ CADET FEMENINA;F;Grup: F
CV. CABRILS;4409;2ª DIVISIÓ INFANTIL FEMENINA;H;Grup: H
CVP MONTGAT;4417;LLIGA PREFERENT CADET FEMENINA;D;Grup: D
DISANO VÒLEI MOLINS NEGRE;4360;3ª DIVISIÓ SÈNIOR FEMENINA;D;Grup: D
DISANO VÒLEI MOLINS NEGRE;4388;3ª DIVISIÓ JUVENIL FEMENINA;D;Grup: D
DISANO VÒLEI MOLINS NEGRE;4389;3ª DIVISIÓ CADET FEMENINA;D;Grup: D
DISANO VÒLEI MOLINS NEGRE;4410;2ª DIVISIÓ INFANTIL FEMENINA;I;Grup: I
DISANO VÒLEI MOLINS VERMELL;4362;2ª DIVISIÓ CADET FEMENINA;A;Grup: A
DISANO VÒLEI MOLINS VERMELL;4411;2ª DIVISIÓ INFANTIL FEMENINA;J;Grup: J
DSC CV SANT CUGAT 'C';4356;2ª DIVISIÓ SÈNIOR FEMENINA;C;Grup: C
DSV CV SANT CUGAT;4347;1ª DIVISIÓ JUVENIL FEMENINA;A;Grup: A
DSV CV SANT CUGAT;4349;1ª DIVISIÓ CADET FEMENINA;A;Grup: A
DSV CV SANT CUGAT;4348;1ª DIVISIÓ INFANTIL FEMENINA;A;Grup: A
DSV CV SANT CUGAT BRONZE;4398;3ª DIVISIÓ JUVENIL FEMENINA;I;Grup: I
DSV CV SANT CUGAT BRONZE;4399;3ª DIVISIÓ CADET FEMENINA;I;Grup: I
DSV CV SANT CUGAT C;4403;2ª DIVISIÓ INFANTIL FEMENINA;B;Grup: B
DSV CV SANT CUGAT 'D';4354;2ª DIVISIÓ SÈNIOR FEMENINA;A;Grup: A
DSV CV SANT CUGAT 'D';4381;4ª DIVISIÓ SÈNIOR FEMENINA;F;Grup: F
DSV CV SANT CUGAT G;4413;2ª DIVISIÓ INFANTIL FEMENINA;L;Grup: L
DSV CV SANT CUGAT NEGRE;4404;2ª DIVISIÓ INFANTIL FEMENINA;C;Grup: C
DSV CV SANT CUGAT PLATA;4382;3ª DIVISIÓ JUVENIL FEMENINA;A;Grup: A
DSV CV SANT CUGAT PLATA;4383;3ª DIVISIÓ CADET FEMENINA;A;Grup: A
DSV CV SANT CUGAT T;4408;2ª DIVISIÓ INFANTIL FEMENINA;G;Grup: G
DSV CV SANT CUGAT U;4412;2ª DIVISIÓ INFANTIL FEMENINA;K;Grup: K
DSV CV SANT CUGAT VERMELL;4410;2ª DIVISIÓ INFANTIL FEMENINA;I;Grup: I
DSV SANT CUGAT NEGRE;4363;2ª DIVISIÓ JUVENIL FEMENINA;B;Grup: B
DSV SANT CUGAT NEGRE;4367;2ª DIVISIÓ CADET FEMENINA;B;Grup: B
DSV SANT CUGAT VERMELL;4370;2ª DIVISIÓ JUVENIL FEMENINA;D;Grup: D
DSV SANT CUGAT VERMELL;4371;2ª DIVISIÓ CADET FEMENINA;D;Grup: D
ERCROS SPSP;4348;1ª DIVISIÓ INFANTIL FEMENINA;A;Grup: A
ESCOLA ORLANDAI;4357;3ª DIVISIÓ SÈNIOR FEMENINA;A;Grup: A
ESCOLA ORLANDAI;4376;4ª DIVISIÓ SÈNIOR FEMENINA;E;Grup: E
ESCOLA PIA CALELLA;4430;1ª DIVISIÓ JUVENIL MASCULINA;E;Grup: E
ESCOLA PIA CALELLA;4385;3ª DIVISIÓ JUVENIL FEMENINA;C;Grup: C
ESCOLA PIA CALELLA;4387;3ª DIVISIÓ CADET FEMENINA;C;Grup: C
ESCOLA SADAKO;4401;3ª DIVISIÓ CADET FEMENINA;J;Grup: J
FESB SAGRAT COR DIPUTACIO;4414;LLIGA PREFERENT CADET FEMENINA;A;Grup: A
FINQUES TARRACO SPSP;4423;1ª DIVISIÓ JUVENIL MASCULINA;C;Grup: C
FP ESCOLA SANT GERVASI TARONJA;4407;2ª DIVISIÓ INFANTIL FEMENINA;F;Grup: F
FREDERIC MISTRAL TÈCNIC EULÀLIA BLANC;4359;3ª DIVISIÓ SÈNIOR FEMENINA;C;Grup: C
FREDERIC MISTRAL TÈCNIC EULÀLIA VERMELL;4380;4ª DIVISIÓ SÈNIOR FEMENINA;A;Grup: A
FREDERIC MISTRAL TÈCNIC EULÀLIA VERMELL;4361;2ª DIVISIÓ JUVENIL FEMENINA;A;Grup: A
FREDERIC MISTRAL TÈCNIC EULÀLIA VERMELL;4362;2ª DIVISIÓ CADET FEMENINA;A;Grup: A
FS CASTELLAR;4422;1ª DIVISIÓ JUVENIL MASCULINA;B;Grup: B
FS CASTELLAR;4398;3ª DIVISIÓ JUVENIL FEMENINA;I;Grup: I
FS CASTELLAR 'A';4357;3ª DIVISIÓ SÈNIOR FEMENINA;A;Grup: A
FS CASTELLAR 'A';4382;3ª DIVISIÓ JUVENIL FEMENINA;A;Grup: A
FS CASTELLAR 'A';4383;3ª DIVISIÓ CADET FEMENINA;A;Grup: A
FS CASTELLAR 'A';4411;2ª DIVISIÓ INFANTIL FEMENINA;J;Grup: J
FS CASTELLAR B;4374;2ª DIVISIÓ SÈNIOR MASCULINA;C;Grup: C
FS CASTELLAR B;4399;3ª DIVISIÓ CADET FEMENINA;I;Grup: I
FS CASTELLAR 'C';4414;LLIGA PREFERENT CADET FEMENINA;A;Grup: A
FS CASTELLAR CANDELSA;4372;2ª DIVISIÓ SÈNIOR MASCULINA;A;Grup: A
FS CASTELLAR 'D';4417;LLIGA PREFERENT CADET FEMENINA;D;Grup: D
GESTORIA DALMAU BALÀFIA VÒLEI-CLAVER;4348;1ª DIVISIÓ INFANTIL FEMENINA;A;Grup: A
GET BLUME VOLEIBOL;4344;1ª DIVISIÓ SÈNIOR MASCULINA;B;Grup: B
GET BLUME VOLEIBOL;4346;1ª DIVISIÓ SÈNIOR FEMENINA;B;Grup: B
GRUPSERVIESPORT SPSP;4351;1ª DIVISIÓ CADET FEMENINA;B;Grup: B
IGUALADA VÒLEI CLUB;4357;3ª DIVISIÓ SÈNIOR FEMENINA;A;Grup: A
IGUALADA VÒLEI CLUB;4424;1ª DIVISIÓ JUVENIL MASCULINA;D;Grup: D
IGUALADA VÒLEI CLUB;4388;3ª DIVISIÓ JUVENIL FEMENINA;D;Grup: D
IGUALADA VÒLEI CLUB;4389;3ª DIVISIÓ CADET FEMENINA;D;Grup: D
IGUALADA VÒLEI CLUB;4413;2ª DIVISIÓ INFANTIL FEMENINA;L;Grup: L
IGUALADA VÓLEI CLUB 'B';4412;2ª DIVISIÓ INFANTIL FEMENINA;K;Grup: K
ILERDA SERVEIS BALÀFIA VÒLEI - CLAVER;4405;2ª DIVISIÓ INFANTIL FEMENINA;D;Grup: D
INSTITUT ANNA GIRONELLA MUNDET;4422;1ª DIVISIÓ JUVENIL MASCULINA;B;Grup: B
INSTITUT ANNA GIRONELLA MUNDET;4419;LLIGA PREFERENT JUVENIL FEMENÍ;B;Grup: B
INSTITUT ANNA GIRONELLA MUNDET;4426;1ª DIVISIÓ CADET MASCULINA;B;Grup: B
JORBA SOLÀ IGUALADA VÓLEI CLUB;4372;2ª DIVISIÓ SÈNIOR MASCULINA;A;Grup: A
JOVENTUT LES CORTS;4400;3ª DIVISIÓ JUVENIL FEMENINA;J;Grup: J
JOVENTUT LES CORTS;4401;3ª DIVISIÓ CADET FEMENINA;J;Grup: J
JOVES VILOBÍ;4415;LLIGA PREFERENT CADET FEMENINA;B;Grup: B
LA SALLE BONANOVA;4357;3ª DIVISIÓ SÈNIOR FEMENINA;A;Grup: A
LA SALLE BONANOVA 'B';4376;4ª DIVISIÓ SÈNIOR FEMENINA;E;Grup: E
LA TORRE DE CLARAMUNT VÒLEI CLUB;4421;1ª DIVISIÓ JUVENIL MASCULINA;A;Grup: A
LA TORRE DE CLARAMUNT VÒLEI CLUB;4420;LLIGA PREFERENT JUVENIL FEMENÍ;C;Grup: C
LONDON CAFE BALÀFIA VÒLEI-CLAVER;4349;1ª DIVISIÓ CADET FEMENINA;A;Grup: A
MAGIC VOLEI VILADECANS;4381;4ª DIVISIÓ SÈNIOR FEMENINA;F;Grup: F
MAGIC VOLEI VILADECANS;4424;1ª DIVISIÓ JUVENIL MASCULINA;D;Grup: D
MAGIC VOLEI VILADECANS;4402;2ª DIVISIÓ INFANTIL FEMENINA;A;Grup: A
MÀGIC VOLEI VILADECANS;4394;3ª DIVISIÓ JUVENIL FEMENINA;G;Grup: G
MÀGIC VOLEI VILADECANS;4395;3ª DIVISIÓ CADET FEMENINA;G;Grup: G
MONTAGUT AC;4418;LLIGA PREFERENT JUVENIL FEMENÍ;A;Grup: A
MOTOCAR BALÀFIA VÒLEI LLEIDA;4345;1ª DIVISIÓ SÈNIOR FEMENINA;A;Grup: A
NOVELEC VÒLEI RUBÍ;4345;1ª DIVISIÓ SÈNIOR FEMENINA;A;Grup: A
O SOLE MIO BALÀFIA VÒLEI;4427;1ª DIVISIÓ CADET MASCULINA;C;Grup: C
OPTICALIA CV VILANOVA BLAU;4377;4ª DIVISIÓ SÈNIOR FEMENINA;B;Grup: B
OPTICALIA CV VILANOVA BLAU;4388;3ª DIVISIÓ JUVENIL FEMENINA;D;Grup: D
OPTICALIA CV VILANOVA BLAU;4389;3ª DIVISIÓ CADET FEMENINA;D;Grup: D
OPTICALIA CV VILANOVA GROC;4373;2ª DIVISIÓ SÈNIOR MASCULINA;B;Grup: B
OPTICALIA CV VILANOVA GROC;4358;3ª DIVISIÓ SÈNIOR FEMENINA;B;Grup: B
OPTICALIA CV VILANOVA GROC;4424;1ª DIVISIÓ JUVENIL MASCULINA;D;Grup: D
OPTICALIA CV VILANOVA GROC;4384;3ª DIVISIÓ JUVENIL FEMENINA;B;Grup: B
OPTICALIA CV VILANOVA GROC;4386;3ª DIVISIÓ CADET FEMENINA;B;Grup: B
OPTICALIA CV VILANOVA GROC;4427;1ª DIVISIÓ CADET MASCULINA;C;Grup: C
OPTICALIA CV VILANOVA GROC;4410;2ª DIVISIÓ INFANTIL FEMENINA;I;Grup: I
PANTERES GROGUES MASCULÍ;4373;2ª DIVISIÓ SÈNIOR MASCULINA;B;Grup: B
PANTERES GROGUES MASCULÍ  '2';4372;2ª DIVISIÓ SÈNIOR MASCULINA;A;Grup: A
PANTERES GROGUES VÒLEI FEMENÍ;4354;2ª DIVISIÓ SÈNIOR FEMENINA;A;Grup: A
PANTERES GROGUES VÒLEI FEMENÍ 'B';4359;3ª DIVISIÓ SÈNIOR FEMENINA;C;Grup: C
RMSI SPORTS;4379;4ª DIVISIÓ SÈNIOR FEMENINA;D;Grup: D
SAFA GAVÀ;4381;4ª DIVISIÓ SÈNIOR FEMENINA;F;Grup: F
SAFA GAVÀ;4370;2ª DIVISIÓ JUVENIL FEMENINA;D;Grup: D
SAFA GAVÀ;4371;2ª DIVISIÓ CADET FEMENINA;D;Grup: D
SAFA GAVÀ;4410;2ª DIVISIÓ INFANTIL FEMENINA;I;Grup: I
SAGRAT COR SARRIÀ;4376;4ª DIVISIÓ SÈNIOR FEMENINA;E;Grup: E
SAGRAT COR SARRIÀ;4400;3ª DIVISIÓ JUVENIL FEMENINA;J;Grup: J
SAGRAT COR SARRIÀ;4401;3ª DIVISIÓ CADET FEMENINA;J;Grup: J
SD ESPANYOL;4345;1ª DIVISIÓ SÈNIOR FEMENINA;A;Grup: A
SD ESPANYOL BLANC;4396;3ª DIVISIÓ JUVENIL FEMENINA;H;Grup: H
SD ESPANYOL BLANC;4397;3ª DIVISIÓ CADET FEMENINA;H;Grup: H
SD ESPANYOL BLAU;4384;3ª DIVISIÓ JUVENIL FEMENINA;B;Grup: B
SD ESPANYOL BLAU;4386;3ª DIVISIÓ CADET FEMENINA;B;Grup: B
SIC24 BALÀFIA VÒLEI-CLAVER;4347;1ª DIVISIÓ JUVENIL FEMENINA;A;Grup: A
SURIS VÒLEI MOLINS;4345;1ª DIVISIÓ SÈNIOR FEMENINA;A;Grup: A
TARRAGONA SPSP;4344;1ª DIVISIÓ SÈNIOR MASCULINA;B;Grup: B
TARRAGONA SPSP;4418;LLIGA PREFERENT JUVENIL FEMENÍ;A;Grup: A
TARRAGONA SPSP;4405;2ª DIVISIÓ INFANTIL FEMENINA;D;Grup: D
TORRE DE CLARAMUNT VÒLEI CLUB;4372;2ª DIVISIÓ SÈNIOR MASCULINA;A;Grup: A
TORRE DE CLARAMUNT VÒLEI CLUB 'A';4356;2ª DIVISIÓ SÈNIOR FEMENINA;C;Grup: C
TORRE DE CLARAMUNT VÒLEI CLUB 'B';4381;4ª DIVISIÓ SÈNIOR FEMENINA;F;Grup: F
VIC VÒLEI AEE JAUME CALLÍS;4414;LLIGA PREFERENT CADET FEMENINA;A;Grup: A
VIC VÒLEI AEE JAUME CALLÍS BLANC;4408;2ª DIVISIÓ INFANTIL FEMENINA;G;Grup: G
VIC VÒLEI AEE JAUME CALLÍS NEGRE;4394;3ª DIVISIÓ JUVENIL FEMENINA;G;Grup: G
VIC VÒLEI AEE JAUME CALLÍS NEGRE;4395;3ª DIVISIÓ CADET FEMENINA;G;Grup: G
VIC VÒLEI AEE JAUME CALLÍS VERMELL;4396;3ª DIVISIÓ JUVENIL FEMENINA;H;Grup: H
VIC VÒLEI AEE JAUME CALLÍS VERMELL;4397;3ª DIVISIÓ CADET FEMENINA;H;Grup: H
VIC VÒLEI AEE JAUME CALLÍS VERMELL;4404;2ª DIVISIÓ INFANTIL FEMENINA;C;Grup: C
VIKINGS VOLEI PRAT;4343;1ª DIVISIÓ SÈNIOR MASCULINA;A;Grup: A
VIKINGS VOLEI PRAT;4421;1ª DIVISIÓ JUVENIL MASCULINA;A;Grup: A
VIKINGS VOLEI PRAT;4384;3ª DIVISIÓ JUVENIL FEMENINA;B;Grup: B
VIKINGS VÒLEI PRAT;4346;1ª DIVISIÓ SÈNIOR FEMENINA;B;Grup: B
VIKINGS VÒLEI PRAT;4375;2ª DIVISIÓ SÈNIOR MASCULINA;D;Grup: D
VIKINGS VÒLEI PRAT;4386;3ª DIVISIÓ CADET FEMENINA;B;Grup: B
VIKINGS VÒLEI PRAT;4428;1ª DIVISIÓ INFANTIL MASCULINA;A;Grup: A
VIKINGS VÒLEI PRAT 'B';4360;3ª DIVISIÓ SÈNIOR FEMENINA;D;Grup: D
VIKINGS VOLEI PRAT BLAU;4425;1ª DIVISIÓ CADET MASCULINA;A;Grup: A
VIROLAI;4345;1ª DIVISIÓ SÈNIOR FEMENINA;A;Grup: A
VIROLAI;4381;4ª DIVISIÓ SÈNIOR FEMENINA;F;Grup: F
VOLEI CANET;4359;3ª DIVISIÓ SÈNIOR FEMENINA;C;Grup: C
VOLEI CANET;4422;1ª DIVISIÓ JUVENIL MASCULINA;B;Grup: B
VOLEI CANET;4419;LLIGA PREFERENT JUVENIL FEMENÍ;B;Grup: B
VÒLEI ELS ARCS;4357;3ª DIVISIÓ SÈNIOR FEMENINA;A;Grup: A
VÒLEI ELS ARCS;4363;2ª DIVISIÓ JUVENIL FEMENINA;B;Grup: B
VÒLEI ELS ARCS;4367;2ª DIVISIÓ CADET FEMENINA;B;Grup: B
VÒLEI ELS ARCS;4398;3ª DIVISIÓ JUVENIL FEMENINA;I;Grup: I
VÒLEI ELS ARCS;4399;3ª DIVISIÓ CADET FEMENINA;I;Grup: I
VÒLEI GELIDA;4388;3ª DIVISIÓ JUVENIL FEMENINA;D;Grup: D
VÒLEI GELIDA;4389;3ª DIVISIÓ CADET FEMENINA;D;Grup: D
VÒLEI GELIDA;4415;LLIGA PREFERENT CADET FEMENINA;B;Grup: B
VÒLEI GIRONA;4343;1ª DIVISIÓ SÈNIOR MASCULINA;A;Grup: A
VÒLEI GIRONA;4359;3ª DIVISIÓ SÈNIOR FEMENINA;C;Grup: C
VÒLEI GIRONA;4430;1ª DIVISIÓ JUVENIL MASCULINA;E;Grup: E
VÒLEI GIRONA;4385;3ª DIVISIÓ JUVENIL FEMENINA;C;Grup: C
VÒLEI GIRONA;4387;3ª DIVISIÓ CADET FEMENINA;C;Grup: C
VÒLEI GIRONA;4406;2ª DIVISIÓ INFANTIL FEMENINA;E;Grup: E
VÒLEI GIRONA 'B';4374;2ª DIVISIÓ SÈNIOR MASCULINA;C;Grup: C
VOLEI MANRESA;4346;1ª DIVISIÓ SÈNIOR FEMENINA;B;Grup: B
VOLEI MANRESA;4423;1ª DIVISIÓ JUVENIL MASCULINA;C;Grup: C
VOLEI MANRESA;4382;3ª DIVISIÓ JUVENIL FEMENINA;A;Grup: A
VOLEI MANRESA;4383;3ª DIVISIÓ CADET FEMENINA;A;Grup: A
VOLEI MANRESA;4427;1ª DIVISIÓ CADET MASCULINA;C;Grup: C
VOLEI MANRESA;4408;2ª DIVISIÓ INFANTIL FEMENINA;G;Grup: G
VOLEI OLOT;4421;1ª DIVISIÓ JUVENIL MASCULINA;A;Grup: A
VÒLEI RUBÍ;4374;2ª DIVISIÓ SÈNIOR MASCULINA;C;Grup: C
VÒLEI RUBÍ;4347;1ª DIVISIÓ JUVENIL FEMENINA;A;Grup: A
VÒLEI RUBÍ;4349;1ª DIVISIÓ CADET FEMENINA;A;Grup: A
VOLEI RUBÍ 'A';4402;2ª DIVISIÓ INFANTIL FEMENINA;A;Grup: A
VOLEI RUBÍ 'B';4398;3ª DIVISIÓ JUVENIL FEMENINA;I;Grup: I
VÒLEI RUBÍ 'B';4399;3ª DIVISIÓ CADET FEMENINA;I;Grup: I
VÒLEI SANT CELONI;4378;4ª DIVISIÓ SÈNIOR FEMENINA;C;Grup: C
VÒLEI SANT CELONI;4430;1ª DIVISIÓ JUVENIL MASCULINA;E;Grup: E
VÒLEI SANT CELONI;4385;3ª DIVISIÓ JUVENIL FEMENINA;C;Grup: C
VÒLEI SANT CELONI;4387;3ª DIVISIÓ CADET FEMENINA;C;Grup: C
VÒLEI SANT CELONI;4419;LLIGA PREFERENT JUVENIL FEMENÍ;B;Grup: B
VÒLEI SANT CELONI VERMELL;4406;2ª DIVISIÓ INFANTIL FEMENINA;E;Grup: E
VÒLEI SANT ESTEVE;4345;1ª DIVISIÓ SÈNIOR FEMENINA;A;Grup: A
VÒLEI SANT ESTEVE;4361;2ª DIVISIÓ JUVENIL FEMENINA;A;Grup: A
VÒLEI SANT ESTEVE;4362;2ª DIVISIÓ CADET FEMENINA;A;Grup: A
VÒLEI SANT ESTEVE 'B';4411;2ª DIVISIÓ INFANTIL FEMENINA;J;Grup: J
VOLEI SANT FRUITOS;4346;1ª DIVISIÓ SÈNIOR FEMENINA;B;Grup: B
VÒLEI SANT FRUITÓS;4370;2ª DIVISIÓ JUVENIL FEMENINA;D;Grup: D
VÒLEI SANT FRUITÓS;4371;2ª DIVISIÓ CADET FEMENINA;D;Grup: D
VÒLEI SANT FRUITÓS;4403;2ª DIVISIÓ INFANTIL FEMENINA;B;Grup: B
VÒLEI SANT FRUITÓS 'B';4360;3ª DIVISIÓ SÈNIOR FEMENINA;D;Grup: D
VÒLEI SANT MARTÍ;4418;LLIGA PREFERENT JUVENIL FEMENÍ;A;Grup: A
VÒLEI SANTPEDOR;4382;3ª DIVISIÓ JUVENIL FEMENINA;A;Grup: A
VÒLEI SANTPEDOR;4383;3ª DIVISIÓ CADET FEMENINA;A;Grup: A
VÒLEI VILASSAR;4346;1ª DIVISIÓ SÈNIOR FEMENINA;B;Grup: B
VÒLEI VILASSAR;4350;1ª DIVISIÓ JUVENIL FEMENINA;B;Grup: B
VÒLEI VILASSAR;4351;1ª DIVISIÓ CADET FEMENINA;B;Grup: B
VÒLEI VILASSAR 'A';4348;1ª DIVISIÓ INFANTIL FEMENINA;A;Grup: A
VOLEI VILASSAR BLANC;4368;2ª DIVISIÓ JUVENIL FEMENINA;C;Grup: C
VOLEI VILASSAR BLANC;4369;2ª DIVISIÓ CADET FEMENINA;C;Grup: C
VOLEI VILASSAR BLANC;4409;2ª DIVISIÓ INFANTIL FEMENINA;H;Grup: H
VOLEI VILASSAR NEGRE;4392;3ª DIVISIÓ JUVENIL FEMENINA;F;Grup: F
VOLEI VILASSAR NEGRE;4393;3ª DIVISIÓ CADET FEMENINA;F;Grup: F
VOLEI VILASSAR NEGRE;4409;2ª DIVISIÓ INFANTIL FEMENINA;H;Grup: H
VOLEIBOL CANYELLES;4388;3ª DIVISIÓ JUVENIL FEMENINA;D;Grup: D
VOLEIBOL CANYELLES;4389;3ª DIVISIÓ CADET FEMENINA;D;Grup: D
VOLEIBOL SANT JUST;4350;1ª DIVISIÓ JUVENIL FEMENINA;B;Grup: B
VOLEIBOL SANT JUST;4351;1ª DIVISIÓ CADET FEMENINA;B;Grup: B
VOLEIBOL SANT JUST;4348;1ª DIVISIÓ INFANTIL FEMENINA;A;Grup: A
VOLEIBOL SANT JUST BLAU;4411;2ª DIVISIÓ INFANTIL FEMENINA;J;Grup: J
VOLEIBOL SANT JUST GROC;4355;2ª DIVISIÓ SÈNIOR FEMENINA;B;Grup: B
VOLEIBOL SANT JUST GROC;4370;2ª DIVISIÓ JUVENIL FEMENINA;D;Grup: D
VOLEIBOL SANT JUST GROC;4371;2ª DIVISIÓ CADET FEMENINA;D;Grup: D
VOLEIBOL SANT JUST GROC;4413;2ª DIVISIÓ INFANTIL FEMENINA;L;Grup: L
VOLEIBOL SANT JUST PROJECCIÓ;4376;4ª DIVISIÓ SÈNIOR FEMENINA;E;Grup: E
ZONA ESPORTIVA AVINYÓ;4416;LLIGA PREFERENT CADET FEMENINA;C;Grup: C
